,company,date,review,note
0,"
                        SQUIRREL
                    ",too far,"
                Dans le cadre d'un stage, ma collaboration avec l'√©quipe SQUIRREL s'est r√©v√©l√©e √™tre une tr√®s bonne exp√©rience. L'√©quipe √©tait tr√®s accueillante et professionnelle. Gr√¢ce √† eux, j'ai appris beaucoup de choses sur l'univers du digital. Des bases qui me seront tr√®s utiles pour ma future vie professionnelle. Merci encore :)
            ",5
1,"
                        SQUIRREL
                    ",too far,"
                Gratitude et Respect pour votre investissement. √âquipe professionnelle, comp√©tente, compr√©hensive et Humble.Le combo est perfect. Vous assurez sinc√®rement : Mise en production r√©alis√©e dans un contexte et des d√©lais records.Je recommande.Big Up. Merci pour tout et encore bien jou√© !
            ",5
2,"
                        SQUIRREL
                    ",too far,"
                Une √©quipe efficace et disponible √† toute heure dans les moments critiques !  bravo et merci
            ",5
3,"
                        SQUIRREL
                    ",too far,"
                Apr√®s une exp√©rience tr√®s d√©cevante avec 2 premi√®res agences de d√©veloppement qui n‚Äôont pas r√©ussi √† finaliser mon projet, j‚Äôai eu la chance que l‚Äôon me recommande l‚Äôagence de d√©veloppement d‚Äôapplication mobile SQUIRREL, qui a repris mon projet en mains de mani√®re tr√®s efficace pour aboutir l‚Äôapplication Boomerang d‚Äô√©change de services dans un temps record, seulement 3 mois.J‚Äôai enfin l‚Äôapplication mobile que je souhaitais.J‚Äôen suis tr√®s reconnaissant !Je recommande √† mon tour l‚Äôagence SQUIRREL.Eric DRILLIEN Fondateur de l‚Äôapplication Boomerang
            ",5
4,"
                        SQUIRREL
                    ",too far,"
                Les meilleurs d√©veloppeurs qui soient! Leurs mails sont incroyables, leurs talents pour cr√©er votre application encore plus ! Vous attendez quoi. C‚Äôest les meilleurs! üòç Il vous r√©aliserons une application √† votre image, ils seront patients et cela dans un temps-record! üôèüôèüôè Merci encore pour tout!
            ",5
5,"
                        SQUIRREL
                    ",too far,"
                Une agence experte dans le d√©veloppement mobile , tr√®s r√©active et qui nous a permis de sortir des applications de qualit√©.
            ",5
6,"
                        SQUIRREL
                    ",too far,"
                J ai eu l occasion de travailler avec Squirrel pour mon application EasyWin qui tourne parfaitement.L'√©quipe est au top et savent tres rapidement reagir en cas de probleme. C'est une de leur force majeur.L'equipe se compl√®te parfaitement bien et est efficace.
            ",5
7,"
                        SQUIRREL
                    ",too far,"
                On nous a vivement recommand√© Squirrel. Un devis gratuit nous a √©t√© effectu√© rapidement et c'√©tait dans nos frais. Une √©quipe jeune et motiv√© ! Un d√©lai nous a √©t√© annonc√© pour notre projet et celui-ci a √©t√© respect√©. Nous avons eu notre petite application disponible rapidement. On recommande
            ",5
8,"
                        SQUIRREL
                    ",too far,"
                Je recommande Squirrel! √âquipe formidable et efficace qui nous accompagne jusqu'au bout de nos projets, avec un suivi personnalis√©... Bravo pour votre excellent travail
            ",5
9,"
                        SQUIRREL
                    ",too far,"
                Des echanges efficaces et rapides !Ils prennent le temps de nous expliquer le cote technique sans pour autant etre perdu dans des mots incomprehensibles.Le cahier des charges et les d√©lais ont √©t√© respect√©s. Je recommande vivement!
            ",5
10,"
                        SQUIRREL
                    ",too far,"
                √âquipe dynamique et efficace, √† l'√©coute pour r√©aliser notre projet. Tr√®s comp√©tent techniquement. Un plaisir de travailler avec vous.
            ",5
11,"
                        SQUIRREL
                    ",too far,"
                L'√©quipe Squirrel a su nous conseiller et nous guider pour le d√©veloppement de notre application mobile Benatna. Leur r√©activit√© nous a agr√©ablement supris ce qui a permis de mener √† bien notre projet !
            ",5
12,"
                        SQUIRREL
                    ",too far,"
                Nous travaillons avec l'√©quipe Squirrel depuis 2017 sur 2 projets d'applications mobiles. C'est un plaisir de travailler au quotidien avec une √©quipe qui est tr√®s √† l'√©coute et r√©active.Un grand merci pour ces deux collaborations :)
            ",5
13,"
                        SQUIRREL
                    ",too far,"
                Une √©quipe agr√©able, dynamique et comp√©tente !Nous avons r√©alis√© le d√©veloppement d'une application en collaboration avec Squirrel sur plusieurs mois.Le cahier des charges et les d√©lais ont √©t√© respect√©s. Le travail a √©t√© facilit√© par la r√©activit√© de l'√©quipe Squirrel qui a su tr√®s vite comprendre nos attentes et proposer une solution technique ad√©quate.Le r√©sultat est conforme √† ce que nous esp√©rions et va grandement nous faciliter la vie.Je recommande vivement !
            ",5
14,"
                        SQUIRREL
                    ",too far,"
                Excellente r√©activit√© et bons √©changes dans le cadre d'une mise √† jour d'application Android?
            ",5
15,"
                        SQUIRREL
                    ",too far,"
                Super entreprise avec qui nous avons eu l'occasion de travailler.
            ",5
16,"
                        SQUIRREL
                    ",too far,"
                Le d√©veloppement de notre application e-sant√© c'est tr√®s bien d√©roul√©, notamment, par la bonne prise en compte des contraintes du projet (cloisonnement de l'information administrative et m√©dicale, une interface affordante pour les soignants et les soign√©s).- Des solutions et des astuces pour simplifier l'interface.- Des d√©lais de livraison respect√©s.
            ",5
17,"
                        SQUIRREL
                    ",too far,"
                Je recommande Squirrel pour son professionnalisme, la r√©activit√© de son √©quipe et son s√©rieux.
            ",5
18,"
                        SQUIRREL
                    ",too far,"
                Tr√®s bonne premi√®re exp√©rience avec Squirrel.L'√©quipe est r√©active et √† l'√©coute de nos besoins. C'est un plaisir de travailler avec eux.
            ",5
19,"
                        SQUIRREL
                    ",too far,"
                Nous travaillons avec Squirrel depuis plusieurs mois. Nous leur avons confi√© le coeur de notre m√©tier ... et nous ne sommes pas d√©√ßus. R√©activit√©, force de proposition, conseil, honn√™tet√©, et talentueux, une √©quipe authentique que je recommande.
            ",5
